<component>
  <fileSets>
    <fileSet>
      <includes>
        <include>BUILDING.txt</include>
        <include>pom.xml</include>
        <include>build.xml</include>
        <include>checkstyle.xml</include>
        <include>findbugs-exclude-filter.xml</include>
        <include>license-header.txt</include>
      </includes>
      <useDefaultExcludes>true</useDefaultExcludes>
    </fileSet>
    <fileSet>
      <directory>src</directory>
      <useDefaultExcludes>true</useDefaultExcludes>
    </fileSet>
  </fileSets>
</component>