<?xml version="1.0"?>
<!--
  This file contains some false positive bugs detected by findbugs. Their
  false positive nature has been analyzed individually and they have been
  put here to instruct findbugs it must ignore them.
-->
<FindBugsFilter>

  <!-- the following inner classes serialization pattern are intentional -->
  <!-- the inner classes and the enclosing classes should be serialized together -->
  <Match>
    <Or>
      <Class name="~.*\.ConstantThrustManeuver\$\w+Switch$" />
      <Class name="~.*\.SolarRadiationPressure\$\w+Switch$" />
      <Class name="~.*\.NumericalPropagator\$MappingSwitchingFunction$" />
    </Or>
    <Bug pattern="SE_INNER_CLASS" />
  </Match>

  <!-- the following are in fact false positives from findbugs -->
  <!-- their occurrence depends on the java compiler used      -->
  <Match>
    <Class name="~.*\.EcksteinHechlerPropagator$"/>
    <Method name="computeMeanParameters" />
    <Or>
      <Local name="epsilon" />
      <Local name="thresholdAngles" />
    </Or>
    <Bug pattern="DLS_DEAD_LOCAL_STORE" />
  </Match>
  <Match>
    <Class name="~.*\.DTM2000$"/>
    <Method name="computation" />
    <Or>
      <Local name="zlb" />
      <Local name="zlbre" />
    </Or>
    <Bug pattern="DLS_DEAD_LOCAL_STORE" />
  </Match>
  <Match>
    <Class name="~.*\.SDP4$"/>
    <Method name="thetaG" />
    <Or>
      <Local name="omega_E" />
      <Local name="seconds_per_day" />
      <Local name="jd_2000" />
    </Or>
    <Bug pattern="DLS_DEAD_LOCAL_STORE" />
  </Match>
  <Match>
    <Class name="~.*\.TLEPropagator$"/>
    <Method name="computePVCoordinates" />
    <Or>
      <Local name="newtonRaphsonEpsilon" />
      <Local name="cv" />
    </Or>
    <Bug pattern="DLS_DEAD_LOCAL_STORE" />
  </Match>
  <Match>
    <Class name="~.*\.JPLEphemeridesLoader$"/>
    <Method name="tooFarRange" />
    <Local name="fiftyDays" />
    <Bug pattern="DLS_DEAD_LOCAL_STORE" />
  </Match>

  <!-- The following equality test is intentional and needed for semantic purposes -->
  <Match>
    <Class name="org.orekit.time.TimeComponents" />
    <Method name="equals" params="java.lang.Object" returns="boolean" />
    <Bug pattern="FE_FLOATING_POINT_EQUALITY" />
  </Match>

</FindBugsFilter>
